{
    "sources": [
        {
            "URL": "https://ggplot2.tidyverse.org",
            "author": [
                {
                    "family": "Wickham",
                    "given": "Hadley"
                }
            ],
            "id": "ggplot2",
            "issued": {
                "date-parts": [
                    [
                        2016
                    ]
                ]
            },
            "title": "ggplot2: Elegant graphics for data analysis",
            "title-short": "ggplot2",
            "type": "article-journal"
        },
        {
            "URL": "https://www.john-fox.ca/Companion/",
            "author": [
                {
                    "family": "Fox",
                    "given": "John"
                },
                {
                    "family": "Weisberg",
                    "given": "Sanford"
                }
            ],
            "id": "car",
            "issued": {
                "date-parts": [
                    [
                        2019
                    ]
                ]
            },
            "title": "An r companion to applied regression",
            "type": "article-journal"
        },
        {
            "URL": "https://CRAN.R-project.org/package=GGally",
            "author": [
                {
                    "family": "Schloerke",
                    "given": "Barret"
                },
                {
                    "family": "Cook",
                    "given": "Di"
                },
                {
                    "family": "Larmarange",
                    "given": "Joseph"
                },
                {
                    "family": "Briatte",
                    "given": "Francois"
                },
                {
                    "family": "Marbach",
                    "given": "Moritz"
                },
                {
                    "family": "Thoen",
                    "given": "Edwin"
                },
                {
                    "family": "Elberg",
                    "given": "Amos"
                },
                {
                    "family": "Crowley",
                    "given": "Jason"
                }
            ],
            "id": "GGally",
            "issued": {
                "date-parts": [
                    [
                        2024
                    ]
                ]
            },
            "title": "GGally: Extension to ’ggplot2’",
            "title-short": "GGally",
            "type": "article-journal"
        },
        {
            "URL": "https://CRAN.R-project.org/package=RColorBrewer",
            "author": [
                {
                    "family": "Neuwirth",
                    "given": "Erich"
                }
            ],
            "id": "RColorBrewer",
            "issued": {
                "date-parts": [
                    [
                        2022
                    ]
                ]
            },
            "title": "RColorBrewer: ColorBrewer palettes",
            "title-short": "RColorBrewer",
            "type": "article-journal"
        }
    ],
    "project_biblios": []
}