"0",""
"0","#Librerías"
"0","library(GGally)"
"0","library(ggplot2)"
"0","library(GGally)"
"0","library(RColorBrewer)"
"0","library(car)"
"0",""
"0","#Clasificación de variables en base de datos"
"0","Computadores$Marca <- as.factor(Computadores$Marca)"
"0","Computadores$Modelo <- as.factor(Computadores$Modelo)"
"0","Computadores$Procesador <- as.factor(Computadores$Procesador)"
"0","Computadores$RAM <- as.numeric(Computadores$RAM)"
"0","Computadores$Almacenamiento <- as.numeric(Computadores$Almacenamiento)"
"0","Computadores$`Tamaño de pantalla` <- as.numeric(Computadores$`Tamaño de pantalla`)"
"0","Computadores$`Tarjeta grafica` <- as.factor(Computadores$`Tarjeta grafica`)"
"0","Computadores$`Sistema operativo` <- as.factor(Computadores$`Sistema operativo`)"
"0","Computadores$Peso <- as.numeric(Computadores$Peso)"
"0","Computadores$`Duracion de bateria` <- as.numeric(Computadores$`Duracion de bateria`)"
"0","Computadores$Precio <- as.numeric(Computadores$Precio)"
"0","Computadores$Garantía <- as.factor(Computadores$Garantía)"
